transaction_id,company_id,product_id,date,value_date,amount,exchange_rate,status,accounting_status,category,description,counterparty_id
1d71df4a9f1a3d9bc71b7dc431e426e8,COMP_0001,PRODUCT_03496,2026-08-06,2026-08-06,50753.94,1.0,booked,RECONCILIATION_COMPLETED,collection,TRANSFERENCIA OTRA ENTIDAD [COMPANY] SOCIED [TAXID] PAGO FACT NEO [COMPANY],COUNTERPARTY_03903
13e96671a5c37f1dc19e6d114caa058d,COMP_0001,PRODUCT_04955,2026-05-11,2026-05-11,1124.55,1.0,booked,RECONCILIATION_COMPLETED,collection,"TRANSFERENCIA DE [COMPANY] DEPORTIVO BALONCESTO [X], CONCEPTO [COMPANY].",
b168f2ce30c47529cfa1aeb675c3e545,COMP_0001,PRODUCT_03496,2026-07-03,2026-07-03,43223.01,1.0,booked,RECONCILIATION_COMPLETED,collection,TRANSFERENCIA INTERNA PAGO FACTURAS NEO GESTION ORDEN: [COMPANY],COUNTERPARTY_03903
c60ebd81ef576148426b5c6b09981136,COMP_0001,PRODUCT_03496,2026-04-09,2026-04-09,2784.57,1.0,booked,RECONCILIATION_COMPLETED,collection,TRANSFERENCIA INTERNA PAGO FACTURAS NEO GESTION ORDEN: [COMPANY],
2d7f2871f0b5d5a0d0686e55d14fc838,COMP_0001,PRODUCT_03496,2026-02-09,2026-02-09,512.12,1.0,booked,DISCARDED,collection,TRANSFERENCIA INTERNA PAGO FACT NEO GESTION ORDEN: COUNTERPARTY_21959,
ead53d632fe0374e24dce27b15d32de8,COMP_0001,PRODUCT_03496,2026-08-07,2026-08-07,-2700.0,1.0,booked,RECONCILIATION_COMPLETED,payment,TRANSFERENCIA OTRA ENTIDAD FIANZA ALQUILER NAVE [X] [X] EA 17,
722d8efa5736a58b965f7c0c9673260e,COMP_0001,PRODUCT_03496,2026-02-06,2026-02-06,-7260.0,1.0,booked,DISCARDED,payment,TRANSFERENCIA OTRA ENTIDAD [X] NEO GESTION COUNTERPARTY_26899,
8055639e029042a3c7680c02120947ad,COMP_0001,PRODUCT_03496,2026-06-29,2026-06-29,-9680.01,1.0,booked,RECONCILIATION_COMPLETED,payment,TRANSFERENCIA OTRA ENTIDAD PAGO FAC L&A,COUNTERPARTY_08037
4eecd29fea1d7d86e649fcda8f9ead77,COMP_0001,PRODUCT_03496,2026-02-09,2026-02-09,-246.29,1.0,booked,DISCARDED,payment,TRANSFERENCIA INTERNA DEVO [COMPANY] NEO INSTALACIONES,
34e49670014828fe70d81fee462233ce,COMP_0001,PRODUCT_03496,2026-05-14,2026-05-14,-14520.0,1.0,booked,RECONCILIATION_COMPLETED,payment,TRANSFERENCIA OTRA ENTIDAD [X] NEO GESTION COUNTERPARTY_09820,COUNTERPARTY_09820
cecb0d34b37be315a7110f8357d07c28,COMP_0001,PRODUCT_03496,2026-08-31,2026-08-31,-13206.64,1.0,booked,RECONCILIATION_COMPLETED,salary,NOMINA,
298e5aa3c6b029834e56035a506f14c6,COMP_0001,PRODUCT_03496,2026-05-29,2026-05-29,-15394.28,1.0,booked,RECONCILIATION_COMPLETED,salary,NOMINA,
ff03776769a5ff03e0752bdf2a81f144,COMP_0001,PRODUCT_03496,2026-02-27,2026-02-27,-6084.31,1.0,booked,DISCARDED,social_security,OPERACION SEGURIDAD SOCIAL TGSS COTIZACION 00 [REF],
901d5b1504c8ba754d2f5efae0024203,COMP_0001,PRODUCT_03496,2026-05-07,2026-05-07,-144.11,1.0,booked,RECONCILIATION_COMPLETED,utility,[COMPANY] [REF],COUNTERPARTY_10587
75137b1586295f0fa2c8debe2a6c4dcd,COMP_0001,PRODUCT_03496,2026-05-04,2026-05-01,-2018.36,1.0,booked,RECONCILIATION_COMPLETED,utility,TARJETA COUNTERPARTY_00008 TARJ.COUNTERPARTY_00008 ****9111,
1d0ccbd0302de08a3277f50c7cc03049,COMP_0001,PRODUCT_03496,2026-07-02,2026-07-02,-79.83,1.0,booked,RECONCILIATION_COMPLETED,utility,RECIBO ASOCIACION O COLEGIO PROFESIONAL ILUSTRE COUNTERPARTY_01234 [REF],
0b1e7d9cbd1ce925e63d7a3edf5ddad7,COMP_0001,PRODUCT_03496,2026-04-01,2026-04-01,-760.73,1.0,booked,RECONCILIATION_COMPLETED,utility,TARJETA COUNTERPARTY_00008 TARJ.COUNTERPARTY_00008 ****9111,
61e6ffc91ece7bfe390c7dcc9534493b,COMP_0001,PRODUCT_03496,2026-01-30,2026-01-30,-196.5,1.0,booked,DISCARDED,utility,"RECIBO TELEFONO VODAFONE SERVICIOS, [REF]",
67445e566f50062589e2d1af017f9242,COMP_0001,PRODUCT_03496,2026-08-03,2026-08-01,-106.16,1.0,booked,RECONCILIATION_COMPLETED,utility,COMPRAS CON TARJETA COUNTERPARTY_08875 TARJ.IBERC.****2014,
82ee73df24a2ce14d602b08e02d785dd,COMP_0001,PRODUCT_03496,2026-08-03,2026-08-03,-1.48,1.0,booked,RECONCILIATION_COMPLETED,utility,COMPRAS CON TARJETA COUNTERPARTY_08875 TARJ.IBERC.****4015,
5dc4ad55891bd6f473a2ff462adcffdc,COMP_0001,PRODUCT_03496,2026-04-23,2026-04-23,314.48,1.0,booked,RECONCILIATION_COMPLETED,payment_refund,DEVOLUCION DOCUMENTO,
d5c608bd02f370217228e322ece48634,COMP_0001,PRODUCT_03496,2026-02-06,2026-02-06,32726.87,1.0,booked,DISCARDED,collection,TRANSFERENCIA OTRA ENTIDAD PAGO FAC NEO GESTION . ORDEN: [COMPANY] S,
ab36a5571c614fbf5727d76f3d26516e,COMP_0001,PRODUCT_03496,2026-08-04,2026-08-04,1573.0,1.0,booked,RECONCILIATION_COMPLETED,collection,TRANSFERENCIA INTERNA PAGO DUPLICADO [X] ORDEN: COUNTERPARTY_15356,COUNTERPARTY_15356
f1b6b496c306f4fca2ea059eff59fa7f,COMP_0001,PRODUCT_03496,2026-05-14,2026-05-14,124368.78,1.0,booked,RECONCILIATION_COMPLETED,collection,TRANSFERENCIA OTRA ENTIDAD [COMPANY] SOCIED [TAXID] PAGO FAC NEO GESTION [COMPANY],
d993a0c89f86926649dbab000eff6c6d,COMP_0001,PRODUCT_03496,2026-04-09,2026-04-09,-9680.01,1.0,booked,RECONCILIATION_COMPLETED,payment,TRANSFERENCIA OTRA ENTIDAD PAGO FACT [COMPANY],COUNTERPARTY_08037
567819f1c407f652a570fd4d4a235866,COMP_0001,PRODUCT_03496,2026-07-08,2026-07-08,-127.6,1.0,booked,RECONCILIATION_COMPLETED,payment,TRANSFERENCIA OTRA ENTIDAD COUNTERPARTY_17285,COUNTERPARTY_17285
c76b37c4b0014c7864ccb034d32b99e1,COMP_0001,PRODUCT_03496,2026-05-14,2026-05-14,-9680.01,1.0,booked,RECONCILIATION_COMPLETED,payment,TRANSFERENCIA OTRA ENTIDAD [X] [COMPANY],
23f44a9da239edaa24bfa34e8da1d5b6,COMP_0001,PRODUCT_03496,2026-02-06,2026-02-06,-2420.01,1.0,booked,DISCARDED,payment,TRANSFERENCIA OTRA ENTIDAD PAGO PTE FACTURA . BENEF: LA ASESORES,
035823706f33cf1a792aece0ff03ddc5,COMP_0001,PRODUCT_03496,2026-05-22,2026-05-22,-185.2,1.0,booked,RECONCILIATION_COMPLETED,payment,RECIBO AMAZON PAYMENTS EUR [NUM],
37b86e115cf8ab0e221f59d06e13134d,COMP_0001,PRODUCT_03496,2026-04-30,2026-04-30,-13207.23,1.0,booked,RECONCILIATION_COMPLETED,salary,NOMINA,
698fb3e509f950ca7ba1ecddf5a2c8bd,COMP_0001,PRODUCT_03496,2026-03-31,2026-03-31,-12149.41,1.0,booked,DISCARDED,salary,NOMINA,
200d175804b3a038217ea7a9eb2cd278,COMP_0001,PRODUCT_03496,2026-04-09,2026-04-09,18500.0,1.0,booked,RECONCILIATION_COMPLETED,transfer,TRANSFERENCIA OTRA ENTIDAD TRASPASO A COUNTERPARTY_08875 . ORDEN: [COMPANY],
3e55d15648888725f999e7b934eafe3f,COMP_0001,PRODUCT_03496,2026-04-30,2026-04-30,-157.08,1.0,booked,RECONCILIATION_COMPLETED,utility,RECIBO [X] [X] [X] [REF],
d338b067cdd85dea648d5c38db47f964,COMP_0001,PRODUCT_03496,2026-04-09,2026-04-09,-144.11,1.0,booked,RECONCILIATION_COMPLETED,utility,[COMPANY] [REF],
9d9335212572be84ef421fb867f5878d,COMP_0001,PRODUCT_03496,2026-08-03,2026-08-03,-1106.73,1.0,booked,RECONCILIATION_COMPLETED,utility,COMPRAS CON TARJETA COUNTERPARTY_08875 TARJ.IBERC.****4015,
a1de88f668b3a1c33116d711d2525602,COMP_0001,PRODUCT_03496,2026-03-02,2026-03-01,-548.28,1.0,booked,DISCARDED,utility,COMPRAS CON TARJETA COUNTERPARTY_08875 TARJ.IBERC.****0014,
afbf03d297458f9f2f5447e4424f7807,COMP_0001,PRODUCT_03496,2026-07-01,2026-07-01,-444.78,1.0,booked,RECONCILIATION_COMPLETED,utility,COMPRAS CON TARJETA COUNTERPARTY_08875 TARJ.IBERC.****0014,
0acb7d0247204cb68cf841e3f4f0a862,COMP_0001,PRODUCT_03496,2026-03-02,2026-03-01,-156.13,1.0,booked,DISCARDED,utility,COMPRAS CON TARJETA COUNTERPARTY_08875 TARJ.IBERC.****2014,
18899d3adcbe9bfa763b1ef21f8beede,COMP_0001,PRODUCT_03496,2026-06-08,2026-06-08,-144.11,1.0,booked,RECONCILIATION_COMPLETED,utility,[COMPANY] [REF],
b9837821496e3c813fc86fb5300f5985,COMP_0001,PRODUCT_03496,2026-05-14,2026-05-14,-7260.0,1.0,booked,RECONCILIATION_COMPLETED,payment,TRANSFERENCIA OTRA ENTIDAD [X] NEO GESTION COUNTERPARTY_26899,
d72e9a8e4981a36e7f76804f4c65c45a,COMP_0001,PRODUCT_04955,2026-05-12,2026-05-12,-2359.54,1.0,booked,RECONCILIATION_COMPLETED,payment,TRASPASO: DEVOLUCION [COMPANY] NEO INST [X],
e58cb6ecae93a5233aee23e5e20a5d11,COMP_0001,PRODUCT_03496,2026-07-08,2026-07-08,-4332.18,1.0,booked,RECONCILIATION_COMPLETED,payment,TRANSFERENCIA INTERNA COUNTERPARTY_23347,COUNTERPARTY_23347
58677a1235ccbc14d0f6c51b62a6274a,COMP_0001,PRODUCT_03496,2026-05-29,2026-05-29,-6843.41,1.0,booked,RECONCILIATION_COMPLETED,social_security,OPERACION SEGURIDAD SOCIAL TGSS COTIZACION 00 [REF],
754e729b0b4a6ac56ba7cb9d3ded5f86,COMP_0001,PRODUCT_03496,2026-01-23,2026-01-23,-1375.27,1.0,booked,DISCARDED,utility,"RECIBO TELEFONO VODAFONE SERVICIOS, [REF]",
3ae00253bf4c71216a3c61643eb83af2,COMP_0001,PRODUCT_03496,2026-01-23,2026-01-23,-159.9,1.0,booked,DISCARDED,utility,RECIBO [X] [X] [X] [REF],
96f76222d8e9b45cfd11969ad8f13a89,COMP_0001,PRODUCT_03496,2026-08-03,2026-08-03,-540.97,1.0,booked,RECONCILIATION_COMPLETED,utility,COMPRAS CON TARJETA COUNTERPARTY_08875 TARJ.IBERC.****0014,
07f6412e2a75bcda76240bbb6fc37aef,COMP_0001,PRODUCT_03496,2026-07-01,2026-07-01,-242.23,1.0,booked,RECONCILIATION_COMPLETED,utility,RECIBO [X] COUNTERPARTY_113014 CORR [REF],
5e120986789f651278679656ded1c47c,COMP_0001,PRODUCT_03496,2026-08-03,2026-08-01,-2038.72,1.0,booked,RECONCILIATION_COMPLETED,utility,TARJETA COUNTERPARTY_00008 TARJ.COUNTERPARTY_00008 ****9111,
5fb1a8ce47955689d4a6e68480e67da0,COMP_0001,PRODUCT_03496,2026-04-23,2026-04-23,-1639.62,1.0,booked,RECONCILIATION_COMPLETED,utility,"RECIBO TELEFONO VODAFONE SERVICIOS, [REF]",
5f164f7f41addaacf4fb6ab4ca42caf8,COMP_0001,PRODUCT_03496,2026-03-31,2026-03-31,-200.13,1.0,booked,DISCARDED,utility,"RECIBO TELEFONO VODAFONE SERVICIOS, [REF]",
695d10efe278b9a1c3efc12a712e6683,COMP_0001,PRODUCT_03496,2026-04-01,2026-04-01,-817.86,1.0,booked,RECONCILIATION_COMPLETED,utility,COMPRAS CON TARJETA COUNTERPARTY_08875 TARJ.IBERC.****4015,
7dac4de7f4ee3d7ce55b073e885674f5,COMP_0001,PRODUCT_03496,2026-02-13,2026-02-13,752.11,1.0,booked,DISCARDED,payment_refund,TRANSFERENCIA INTERNA DEVOLUCION [COMPANY] NEO [X] ORDEN: [COMPANY],
fc26af663ba17bd7fce66689c4dfb97c,COMP_0001,PRODUCT_03496,2026-07-02,2026-07-02,504.44,1.0,booked,RECONCILIATION_COMPLETED,collection,TRANSFERENCIA INTERNA DEV [COMPANY] NEO GESTION ORDEN: [COMPANY],COUNTERPARTY_03903
7c0a2cdd12322fc79eaabefc3f932125,COMP_0001,PRODUCT_03496,2026-08-10,2026-08-10,-9680.01,1.0,booked,RECONCILIATION_COMPLETED,payment,TRANSFERENCIA OTRA ENTIDAD PAGO FACT [X] . BENEF: [COMPANY],COUNTERPARTY_08037
a5bbca35bdafe5fda34849e010f81e90,COMP_0001,PRODUCT_03496,2026-07-08,2026-07-08,-949.18,1.0,booked,RECONCILIATION_COMPLETED,payment,TRANSFERENCIA OTRA ENTIDAD [X],
635d3cc6015bb59f01ac78931b72d247,COMP_0001,PRODUCT_04955,2026-08-27,2026-08-27,-1220.59,1.0,booked,RECONCILIATION_COMPLETED,payment,TRANSFERENCIA [COMPANY] CONCEPTO: Pago inicial auditoría mataro,
97d8f971fdfe6c2745167ddfb203c536,COMP_0001,PRODUCT_03496,2026-07-09,2026-07-09,-5445.0,1.0,booked,RECONCILIATION_COMPLETED,payment,TRANSFERENCIA INTERNA FAC 1 COUNTERPARTY_56127,
a92f0abc226f80c6c318801f81b56def,COMP_0001,PRODUCT_03496,2026-06-15,2026-06-15,-7260.0,1.0,booked,RECONCILIATION_COMPLETED,payment,TRANSFERENCIA OTRA ENTIDAD TRAN NEO GESTION COUNTERPARTY_26899,COUNTERPARTY_26899
bf54e43aae2289c9e81a31b9c246d117,COMP_0001,PRODUCT_03496,2026-06-15,2026-06-15,-1869.05,1.0,booked,RECONCILIATION_COMPLETED,payment,TRANSFERENCIA OTRA ENTIDAD TRAN NEO GESTION COUNTERPARTY_27064,COUNTERPARTY_27064
f207f923419c439cfe74dab42ad0e353,COMP_0001,PRODUCT_03496,2026-05-14,2026-05-14,-9680.01,1.0,booked,RECONCILIATION_COMPLETED,payment,TRANSFERENCIA OTRA ENTIDAD [X] [COMPANY],
bc129c3c240054c368e85027b0edbefc,COMP_0001,PRODUCT_03496,2026-05-19,2026-05-19,-185.2,1.0,booked,RECONCILIATION_COMPLETED,payment,RECIBO AMAZON PAYMENTS EUR [NUM],
4acb3717dd3697a70e4cf27ce3474286,COMP_0001,PRODUCT_03496,2026-02-27,2026-02-27,-11616.1,1.0,booked,DISCARDED,salary,NOMINA,
2f14af0a1f6919c425edbfb565373283,COMP_0001,PRODUCT_03496,2026-02-04,2026-02-04,-7815.11,1.0,booked,DISCARDED,tax,IMPUESTO LOCAL DIPUTACION FORAL DE [REF],
9dcc1c0e89943c30b1f0f2fa4813646d,COMP_0001,PRODUCT_03496,2026-04-29,2026-04-29,-7323.0,1.0,booked,RECONCILIATION_COMPLETED,tax,IMPUESTO LOCAL DIPUTACION FORAL DE [REF],
12b5992bb2c80f967340401bdddbc5ae,COMP_0001,PRODUCT_03496,2026-02-02,2026-02-01,-212.07,1.0,booked,DISCARDED,utility,COMPRAS CON TARJETA COUNTERPARTY_08875 TARJ.IBERC.****7015,
7e650b5c7387b3168af0c24937438b73,COMP_0001,PRODUCT_03496,2026-02-02,2026-02-01,-555.3,1.0,booked,DISCARDED,utility,COMPRAS CON TARJETA COUNTERPARTY_08875 TARJ.IBERC.****0014,
e05632e2307fe7fcd329d7cb24374838,COMP_0001,PRODUCT_03496,2026-06-01,2026-06-01,-195.05,1.0,booked,RECONCILIATION_COMPLETED,utility,COMPRAS CON TARJETA COUNTERPARTY_08875 TARJ.IBERC.****7015,
44f3a2ebe0f12e871262b61d771c17d3,COMP_0001,PRODUCT_03496,2026-08-06,2026-08-06,-144.11,1.0,booked,RECONCILIATION_COMPLETED,utility,[COMPANY] [REF],
fb5088a4037372b82fa02ed83f9f249e,COMP_0001,PRODUCT_03496,2026-05-22,2026-05-22,-1769.03,1.0,booked,RECONCILIATION_COMPLETED,utility,"RECIBO TELEFONO VODAFONE SERVICIOS, [REF]",COUNTERPARTY_28286
f13720336426643b029066bbb64e75e1,COMP_0001,PRODUCT_03496,2026-04-15,2026-04-15,-108.57,1.0,booked,RECONCILIATION_COMPLETED,utility,RECIBO COUNTERPARTY_01234 [X] [REF],
ae1c17e4793044d56f698627bad357f3,COMP_0001,PRODUCT_03496,2026-07-01,2026-07-01,-195.7,1.0,booked,RECONCILIATION_COMPLETED,utility,RECIBO [X] [X] [X] [REF],
b2d9e165ffcd65a89650ab36bd181ea9,COMP_0001,PRODUCT_03496,2026-08-31,2026-08-31,-197.58,1.0,booked,RECONCILIATION_COMPLETED,utility,RECIBO [X] [X] [X] [REF],
1ed95c349856e175e2d669ace04a534f,COMP_0001,PRODUCT_03496,2026-03-10,2026-03-10,301.58,1.0,booked,DISCARDED,payment_refund,TRANSFERENCIA INTERNA DEVOLUCION [COMPANY] NEO GESTION ORDEN: [COMPANY],
3863b58c2db484f2a52f752a7ecda391,COMP_0001,PRODUCT_03496,2026-04-29,2026-04-29,12000.0,1.0,booked,RECONCILIATION_COMPLETED,collection,TRANSFERENCIA INTERNA PAGO FACTURA NEO GESTION ORDEN: [COMPANY],
a906c5ddad1f28e95a2e240e3fb887d9,COMP_0001,PRODUCT_03496,2026-07-09,2026-07-09,30160.46,1.0,booked,RECONCILIATION_COMPLETED,collection,TRANSFERENCIA OTRA ENTIDAD COUNTERPARTY_29645 PAGO FAC NEO GESTION [COMPANY],COUNTERPARTY_29645
6122b6536a30a0ed882530fd3ddd615c,COMP_0001,PRODUCT_03496,2026-02-09,2026-02-09,32726.87,1.0,booked,DISCARDED,collection,TRANSFERENCIA OTRA ENTIDAD [COMPANY] SOCIED [TAXID] PAGO FAC NEO [COMPANY],
9b13889bac293a06b319a6d52507e0ee,COMP_0001,PRODUCT_03496,2026-08-10,2026-08-10,92.0,1.0,booked,RECONCILIATION_COMPLETED,collection,TRANSFERENCIA INTERNA DEV [COMPANY] [X] GESTION ORDEN: [COMPANY],COUNTERPARTY_03903
79ad54e489c2f5aa8a7ca3bbe8f9bdd2,COMP_0001,PRODUCT_03496,2026-03-05,2026-03-05,-14520.0,1.0,booked,DISCARDED,payment,TRANSFERENCIA OTRA ENTIDAD PAGO FACTURA NEO GESTION COUNTERPARTY_09820,
d7da3fb3e52eb6332a1851624a076602,COMP_0001,PRODUCT_03496,2026-06-19,2026-06-19,-37.79,1.0,booked,RECONCILIATION_COMPLETED,payment,RECIBO COUNTERPARTY_00496 [NUM],
ef6bdb11a686a7ddf2d49c2166842e25,COMP_0001,PRODUCT_03496,2026-02-09,2026-02-09,-100.0,1.0,booked,DISCARDED,payment,TRANSFERENCIA OTRA ENTIDAD PROV FONDOS PODER NEO GESTION,
65a3629ccaa763ed477dd3a22f1d579f,COMP_0001,PRODUCT_03496,2026-02-11,2026-02-11,-152.94,1.0,booked,DISCARDED,payment,TRANSFERENCIA OTRA ENTIDAD [PERSON],
379734b746bdcb214e226df80d9c8334,COMP_0001,PRODUCT_03496,2026-02-17,2026-02-17,-392.04,1.0,booked,DISCARDED,payment,TRANSFERENCIA OTRA ENTIDAD FAC 176Ñ01 [X],
2d302a2eb33fbfd060867d6423d815ad,COMP_0001,PRODUCT_03496,2026-05-04,2026-05-01,-793.06,1.0,booked,RECONCILIATION_COMPLETED,utility,COMPRAS CON TARJETA COUNTERPARTY_08875 TARJ.IBERC.****4015,
618129f3e528f6e834cb1151f08e1ffc,COMP_0001,PRODUCT_03496,2026-04-21,2026-04-21,-362.56,1.0,booked,RECONCILIATION_COMPLETED,utility,"RECIBO COUNTERPARTY_99316, [REF]",
14fc93f3952ee03521ed50547b65f45c,COMP_0001,PRODUCT_03496,2026-06-22,2026-06-22,-205.08,1.0,booked,RECONCILIATION_COMPLETED,utility,RECIBO COUNTERPARTY_00417 S [REF],COUNTERPARTY_31771
e55339238274be842368e80c06ba8df6,COMP_0001,PRODUCT_03496,2026-08-28,2026-08-28,-200.13,1.0,booked,RECONCILIATION_COMPLETED,utility,"RECIBO TELEFONO VODAFONE SERVICIOS, [REF]",COUNTERPARTY_28286
244e59604ed121d4bc94c5333b878267,COMP_0001,PRODUCT_03496,2026-04-02,2026-04-02,-79.83,1.0,booked,RECONCILIATION_COMPLETED,utility,RECIBO ASOCIACION O COLEGIO PROFESIONAL ILUSTRE COUNTERPARTY_01234 [REF],
2904303a9f478126e83877856941be8d,COMP_0001,PRODUCT_03496,2026-02-06,2026-02-06,-144.11,1.0,booked,DISCARDED,utility,[COMPANY] [REF],
75ecad98b3fbb0f73e672113fd18247a,COMP_0001,PRODUCT_03496,2026-07-01,2026-07-01,-875.9,1.0,booked,RECONCILIATION_COMPLETED,utility,COMPRAS CON TARJETA COUNTERPARTY_08875 TARJ.IBERC.****7015,
8f64c6b00b5aaf82c2bb3bae13815274,COMP_0001,PRODUCT_03496,2026-08-28,2026-08-28,-205.08,1.0,booked,RECONCILIATION_COMPLETED,utility,RECIBO COUNTERPARTY_00417 S [REF],COUNTERPARTY_31771
0ec84f3a1d03fc416af1e7aa10a1038f,COMP_0001,PRODUCT_03496,2026-04-22,2026-04-22,10599.79,1.0,booked,RECONCILIATION_COMPLETED,payment_refund,TRANSFERENCIA INTERNA DEVOLUCION [COMPANY] ORDEN: COUNTERPARTY_56127,
71c603018f65a936d5d393a550ad9b91,COMP_0001,PRODUCT_04955,2026-05-11,2026-05-11,1234.99,1.0,booked,RECONCILIATION_COMPLETED,collection,"TRANSFERENCIA DE [COMPANY] DEPORTIVO BALONCESTO [X], CONCEPTO ABONO FACTURA 129 - [X].",
e8d3c212dc824e00cc3fc7afff833060,COMP_0001,PRODUCT_03496,2026-07-14,2026-07-14,30000.0,1.0,booked,RECONCILIATION_COMPLETED,collection,TRANSFERENCIA OTRA ENTIDAD COUNTERPARTY_29645 PAGO FAC NEO GESTION [COMPANY],COUNTERPARTY_29645
3331a3c8674b4ab753237a461331ac2e,COMP_0001,PRODUCT_03496,2026-06-03,2026-06-03,610.15,1.0,booked,RECONCILIATION_COMPLETED,collection,TRANSFERENCIA OTRA [COMPANY] DEVOLUCION [COMPANY] NEO GEST Y NEO SER SAL NEO GESTION,
847067ed097925c4f06c3b7f12258157,COMP_0001,PRODUCT_03496,2026-02-06,2026-02-06,-9680.01,1.0,booked,DISCARDED,payment,TRANSFERENCIA OTRA ENTIDAD [X] [COMPANY],
16054bee1136645ea4acefe7db0f39a5,COMP_0001,PRODUCT_03496,2026-04-09,2026-04-09,-14520.0,1.0,booked,RECONCILIATION_COMPLETED,payment,TRANSFERENCIA OTRA ENTIDAD PAGO FACT NEO GESTION COUNTERPARTY_09820,COUNTERPARTY_09820
b360fdebf5383ddc3459e9a4b493d19e,COMP_0001,PRODUCT_03496,2026-05-19,2026-05-19,-185.2,1.0,booked,RECONCILIATION_COMPLETED,payment,RECIBO AMAZON PAYMENTS EUR [NUM],
c7702a1ae4f4e13e9cb53fd4cec786bb,COMP_0001,PRODUCT_04955,2026-04-09,2026-04-09,-18500.0,1.0,booked,RECONCILIATION_COMPLETED,payment,TRANSFERENCIA INMEDIATA A FAVOR DE [COMPANY] CONCEPTO TRASPASO A COUNTERPARTY_08875,
006fd18b9fc7c962778a066b8f044647,COMP_0001,PRODUCT_03496,2026-08-05,2026-08-05,-14520.0,1.0,booked,RECONCILIATION_COMPLETED,payment,TRANSFERENCIA OTRA ENTIDAD COUNTERPARTY_09820,COUNTERPARTY_09820
c94ee6b87d81c883e0bfd3a61b452378,COMP_0001,PRODUCT_03496,2026-08-05,2026-08-05,-7260.0,1.0,booked,RECONCILIATION_COMPLETED,payment,TRANSFERENCIA OTRA ENTIDAD COUNTERPARTY_26899,COUNTERPARTY_26899
00a5d745fba7a048b53cd1e3ac01cfb1,COMP_0001,PRODUCT_03496,2026-05-29,2026-05-29,-2111.84,1.0,booked,RECONCILIATION_COMPLETED,social_security,OPERACION SEGURIDAD SOCIAL TGSS COTIZACION 00 [REF],
8b9f082fab3aa474faeb035ccb396028,COMP_0001,PRODUCT_03496,2026-08-03,2026-08-01,-335.69,1.0,booked,RECONCILIATION_COMPLETED,utility,COMPRAS CON TARJETA COUNTERPARTY_08875 TARJ.IBERC.****0014,
9e4a99e0583cfe6ccc499797075c796a,COMP_0001,PRODUCT_03496,2026-04-23,2026-04-23,-57.33,1.0,booked,RECONCILIATION_COMPLETED,utility,RECIBO [X] COUNTERPARTY_113014 CORR [REF],
efe5c3d676bef791a6dc1dfa96adfde1,COMP_0001,PRODUCT_03496,2026-08-03,2026-08-03,-0.88,1.0,booked,RECONCILIATION_COMPLETED,utility,COMPRAS CON TARJETA COUNTERPARTY_08875 TARJ.IBERC.****7015,
6fb9e6feb3ed3290e7e65ce498cbd5a6,COMP_0001,PRODUCT_03496,2026-05-29,2026-05-29,-200.13,1.0,booked,RECONCILIATION_COMPLETED,utility,"RECIBO TELEFONO VODAFONE SERVICIOS, [REF]",
737f047d5f9cd1116df5b66b159933e9,COMP_0001,PRODUCT_03496,2026-03-31,2026-03-31,-150.98,1.0,booked,DISCARDED,utility,RECIBO [X] [X] [X] [REF],
4eeeb153bf5740f84e07a238cead6a5c,COMP_0001,PRODUCT_03496,2026-04-01,2026-04-01,-468.87,1.0,booked,RECONCILIATION_COMPLETED,utility,COMPRAS CON TARJETA COUNTERPARTY_08875 TARJ.IBERC.****0014,
e483734486be15544faa975252d38194,COMP_0001,PRODUCT_03496,2026-08-03,2026-08-03,-0.72,1.0,booked,RECONCILIATION_COMPLETED,utility,COMPRAS CON TARJETA COUNTERPARTY_08875 TARJ.IBERC.****0014,
92b6dc117428c610624f2473d1338389,COMP_0001,PRODUCT_03496,2026-08-07,2026-08-07,-70.26,1.0,booked,RECONCILIATION_COMPLETED,utility,RECIBO COUNTERPARTY_01234 [X] [REF],COUNTERPARTY_35207
85371c136938648c6e7026bbffe32a2f,COMP_0001,PRODUCT_03496,2026-06-23,2026-06-23,-2028.99,1.0,booked,RECONCILIATION_COMPLETED,utility,"RECIBO TELEFONO VODAFONE SERVICIOS, [REF]",
7ade32c16bef9bed8f1e340766b9f898,COMP_0001,PRODUCT_03496,2026-03-16,2026-03-16,-30.0,1.0,booked,DISCARDED,interest_charge,LIQUIDACION INTERESES DE LA CUENTA,
b26a39557c85a12f550c21c7a7b68ba5,COMP_0001,PRODUCT_03496,2026-04-09,2026-03-16,30.0,1.0,booked,RECONCILIATION_COMPLETED,-,RETROCESION DE APUNTE RETROCESION COMISIONÑGASTO,
1f97c16c6724c3a87d4c5392fa41feea,COMP_0001,PRODUCT_03496,2026-08-03,2026-08-02,50000.0,1.0,booked,RECONCILIATION_COMPLETED,collection,TRANSFERENCIA OTRA ENTIDAD PAGO FACT NEO GESTION . ORDEN: COUNTERPARTY_29645,COUNTERPARTY_29645
19fe326c00cf48a19a3c7c9ec90d79c2,COMP_0001,PRODUCT_03496,2026-06-24,2026-06-24,125.96,1.0,booked,RECONCILIATION_COMPLETED,collection,TRANSFERENCIA OTRA ENTIDAD NEO INSTALACIONES TRANSFERENCIA NEO [COMPANY],COUNTERPARTY_03903
a3b140054875350166d9b001237defb0,COMP_0001,PRODUCT_03496,2026-06-12,2026-06-12,-1573.0,1.0,booked,RECONCILIATION_COMPLETED,payment,TRANSFERENCIA INTERNA PAGO FACTURA 8,COUNTERPARTY_15356
8bf09d9e71d5218083f826b9a93cc378,COMP_0001,PRODUCT_03496,2026-03-05,2026-03-05,-7260.0,1.0,booked,DISCARDED,payment,TRANSFERENCIA OTRA ENTIDAD PAGO FACTURA NEO GESTION COUNTERPARTY_26899,
1d6c7c2312b045a257b494a87d765246,COMP_0001,PRODUCT_03496,2026-02-06,2026-02-06,-14520.0,1.0,booked,DISCARDED,payment,TRANSFERENCIA OTRA ENTIDAD [X] NEO GESTION COUNTERPARTY_09820,
68be06d4a18567e0aafbe662bdabaa9d,COMP_0001,PRODUCT_03496,2026-07-08,2026-07-08,-1573.0,1.0,booked,RECONCILIATION_COMPLETED,payment,TRANSFERENCIA INTERNA COUNTERPARTY_15356,COUNTERPARTY_15356
502f9d7ee0735fd902411e908045da89,COMP_0001,PRODUCT_03496,2026-06-30,2026-06-30,-7516.81,1.0,booked,RECONCILIATION_COMPLETED,social_security,OPERACION SEGURIDAD SOCIAL TGSS COTIZACION 00 [REF],
19e6ddea1028163fcedf6ba419508f5b,COMP_0001,PRODUCT_03496,2026-01-30,2026-01-30,-6436.14,1.0,booked,DISCARDED,social_security,OPERACION SEGURIDAD SOCIAL TGSS COTIZACION 00 [REF],
330deb2dc5681dd43fc819daa906caa1,COMP_0001,PRODUCT_03496,2026-07-29,2026-07-29,-12462.67,1.0,booked,RECONCILIATION_COMPLETED,tax,IMPUESTO LOCAL DIPUTACION FORAL DE [REF],
fe890a646d8b7a41b4146d29955dba25,COMP_0001,PRODUCT_03496,2026-08-21,2026-08-21,-1865.54,1.0,booked,RECONCILIATION_COMPLETED,utility,"RECIBO TELEFONO VODAFONE SERVICIOS, [REF]",COUNTERPARTY_28286
85960de77ad55eea44db37d339d6941e,COMP_0001,PRODUCT_03496,2026-07-23,2026-07-23,-1843.3,1.0,booked,RECONCILIATION_COMPLETED,utility,"RECIBO TELEFONO VODAFONE SERVICIOS, [REF]",COUNTERPARTY_28286
dd390295e8a260440b895253afba2a8a,COMP_0001,PRODUCT_03496,2026-02-27,2026-02-27,-203.76,1.0,booked,DISCARDED,utility,"RECIBO TELEFONO VODAFONE SERVICIOS, [REF]",
5b8cfa6fd0a82e87df571df0a54d6f24,COMP_0001,PRODUCT_03496,2026-05-29,2026-05-29,-170.36,1.0,booked,RECONCILIATION_COMPLETED,utility,RECIBO [X] [X] [X] [REF],
ffd11b89479dd64d1425bf72ee56d3be,COMP_0001,PRODUCT_03496,2026-06-02,2026-06-02,-394.14,1.0,booked,RECONCILIATION_COMPLETED,utility,RECIBO SEGUROS COUNTERPARTY_124647 Y REASE [REF],COUNTERPARTY_38023
0072069e8b68db10327f5d288abdfcf6,COMP_0001,PRODUCT_03496,2026-02-24,2026-02-24,-1613.74,1.0,booked,DISCARDED,utility,"RECIBO TELEFONO VODAFONE SERVICIOS, [REF]",
ded304572decf313db5ef518a9a7c858,COMP_0001,PRODUCT_03496,2026-07-30,2026-07-30,-198.0,1.0,booked,RECONCILIATION_COMPLETED,utility,RECIBO [X] [X] [X] [REF],
9d95acaa9610740f00c8b6ebbddc3d8f,COMP_0001,PRODUCT_03496,2026-06-16,2026-06-16,-30.0,1.0,booked,RECONCILIATION_COMPLETED,interest_charge,LIQUIDACION INTERESES DE LA CUENTA,
25bed6174f78c4f86aebd16e62a49e74,COMP_0001,PRODUCT_03496,2026-04-08,2026-04-08,-6.29,1.0,booked,RECONCILIATION_COMPLETED,-,RECIBO COUNTERPARTY_01234 [X] [REF],
51e89afa1118fe576f53d8b991f20178,COMP_0001,PRODUCT_03496,2026-06-24,2026-06-24,159.84,1.0,booked,RECONCILIATION_COMPLETED,collection,TRANSFERENCIA OTRA ENTIDAD NEO INSTALACIONES TRANSFERENCIA NEO [COMPANY],COUNTERPARTY_03903
0b264352f77d448dcc28be031584b75d,COMP_0001,PRODUCT_03496,2026-07-08,2026-07-08,-98.0,1.0,booked,RECONCILIATION_COMPLETED,payment,TRANSFERENCIA INTERNA COUNTERPARTY_40230,COUNTERPARTY_40230
a35dec93cb151a185ca63f475844b902,COMP_0001,PRODUCT_03496,2026-05-19,2026-05-19,-185.2,1.0,booked,RECONCILIATION_COMPLETED,payment,RECIBO AMAZON PAYMENTS EUR [NUM],
905ae9dc66d29a9f32db1e719d5b983f,COMP_0001,PRODUCT_03496,2026-05-14,2026-05-14,-8231.29,1.0,booked,RECONCILIATION_COMPLETED,payment,TRANSFERENCIA OTRA ENTIDAD [X] NEO GESTION COUNTERPARTY_09820,COUNTERPARTY_09820
77e28ecf44ba9f79f95cb500125d4f75,COMP_0001,PRODUCT_03496,2026-07-03,2026-07-03,-15602.37,1.0,booked,RECONCILIATION_COMPLETED,salary,NOMINA,
16fdf29f6e69a85c63794143c918971f,COMP_0001,PRODUCT_03496,2026-08-31,2026-08-31,-6205.08,1.0,booked,RECONCILIATION_COMPLETED,social_security,OPERACION SEGURIDAD SOCIAL TGSS COTIZACION 00 [REF],
dc495e165cbffebfe94ea672f40c290b,COMP_0001,PRODUCT_03496,2026-07-29,2026-07-29,-18879.07,1.0,booked,RECONCILIATION_COMPLETED,tax,IMPUESTO LOCAL DIPUTACION FORAL DE [REF],
0869099ce6433c22080e13027cfc9ed0,COMP_0001,PRODUCT_03496,2026-04-29,2026-04-29,-18539.28,1.0,booked,RECONCILIATION_COMPLETED,tax,IMPUESTO LOCAL DIPUTACION FORAL DE [REF],
95a04d2589a060a650d7de38b00511ee,COMP_0001,PRODUCT_03496,2026-06-30,2026-06-30,-200.13,1.0,booked,RECONCILIATION_COMPLETED,utility,"RECIBO TELEFONO VODAFONE SERVICIOS, [REF]",COUNTERPARTY_28286
fdc836fec6412a1047930a7b880cd616,COMP_0001,PRODUCT_03496,2026-05-04,2026-05-01,-892.42,1.0,booked,RECONCILIATION_COMPLETED,utility,COMPRAS CON TARJETA COUNTERPARTY_08875 TARJ.IBERC.****0014,
e6431e3f5af37c6abb9924159f034009,COMP_0001,PRODUCT_03496,2026-03-24,2026-03-24,-1419.96,1.0,booked,DISCARDED,utility,"RECIBO TELEFONO VODAFONE SERVICIOS, [REF]",
88b72570b059e10e17c545cee853528c,COMP_0001,PRODUCT_03496,2026-04-30,2026-04-30,-200.13,1.0,booked,RECONCILIATION_COMPLETED,utility,"RECIBO TELEFONO VODAFONE SERVICIOS, [REF]",COUNTERPARTY_28286
3fb81a22635f6881decb93f65fada96a,COMP_0001,PRODUCT_03496,2026-07-07,2026-07-07,-144.11,1.0,booked,RECONCILIATION_COMPLETED,utility,[COMPANY] [REF],
698d22156649fadc4d1ed96222cb00ae,COMP_0001,PRODUCT_03496,2026-05-04,2026-05-01,-743.46,1.0,booked,RECONCILIATION_COMPLETED,utility,COMPRAS CON TARJETA COUNTERPARTY_08875 TARJ.IBERC.****7015,
4b2fce93f2c68a4e3614161618a8edf1,COMP_0001,PRODUCT_03496,2026-03-31,2026-03-31,45600.0,1.0,booked,DISCARDED,collection,TRANSFERENCIA OTRA ENTIDAD PAGO FACTURAS NEO GESTION . ORDEN: [COMPANY] S,
1c9dc0f9f09cf751d1049c94b3b3f462,COMP_0001,PRODUCT_03496,2026-07-14,2026-07-14,284.79,1.0,booked,RECONCILIATION_COMPLETED,collection,TRANSFERENCIA OTRA ENTIDAD COUNTERPARTY_29645 DEVO [COMPANY] NEO GESTION [COMPANY],COUNTERPARTY_29645
8b0c2a13af4d47d64503851e06edb9ad,COMP_0001,PRODUCT_03496,2026-08-31,2026-08-31,-3460.6,1.0,booked,RECONCILIATION_COMPLETED,payment,TRANSFERENCIA INTERNA PAGO FAC [X],
2ba9fd80f81933daa3a4f8c53620ea03,COMP_0001,PRODUCT_03496,2026-07-15,2026-07-15,-9680.01,1.0,booked,RECONCILIATION_COMPLETED,payment,TRANSFERENCIA OTRA ENTIDAD FAC LA . BENEF: [COMPANY],COUNTERPARTY_08037
614fdf5ad36816ebd4cd98900602d16e,COMP_0001,PRODUCT_03496,2026-07-30,2026-07-30,-15540.53,1.0,booked,RECONCILIATION_COMPLETED,salary,NOMINA,
e4989c4db19bb662c06bb8cc50c35cc3,COMP_0001,PRODUCT_03496,2026-03-31,2026-03-31,-6091.84,1.0,booked,DISCARDED,social_security,OPERACION SEGURIDAD SOCIAL TGSS COTIZACION 00 [REF],
4cfad9e4c0c2dde3798c82007d1c09ab,COMP_0001,PRODUCT_03496,2026-04-30,2026-04-30,-6329.6,1.0,booked,RECONCILIATION_COMPLETED,social_security,OPERACION SEGURIDAD SOCIAL TGSS COTIZACION 00 [REF],
1f544b6292587a2de0d351965912f23c,COMP_0001,PRODUCT_03496,2026-02-04,2026-02-04,-7336.72,1.0,booked,DISCARDED,tax,IMPUESTO LOCAL DIPUTACION FORAL DE [REF],
e4880b1707d6519c0500bd8d8f6931f5,COMP_0001,PRODUCT_03496,2026-04-09,2026-04-09,-7260.0,1.0,booked,RECONCILIATION_COMPLETED,tax,TRANSFERENCIA OTRA ENTIDAD PAGO FACT NEO GESTION COUNTERPARTY_26899,COUNTERPARTY_26899
60e187610f0743c69b096f3bcd5375b6,COMP_0001,PRODUCT_03496,2026-04-01,2026-04-01,-946.14,1.0,booked,RECONCILIATION_COMPLETED,utility,COMPRAS CON TARJETA COUNTERPARTY_08875 TARJ.IBERC.****7015,
aac81aefcb2a0b1e5c207fbbb3d99f8a,COMP_0001,PRODUCT_03496,2026-08-04,2026-08-04,-394.14,1.0,booked,RECONCILIATION_COMPLETED,utility,RECIBO SEGUROS COUNTERPARTY_124647 Y REASE [REF],COUNTERPARTY_38023
9ea77ad0c7ea577c17be94f9f735800d,COMP_0001,PRODUCT_03496,2026-02-02,2026-02-01,-1101.61,1.0,booked,DISCARDED,utility,TARJETA COUNTERPARTY_00008 TARJ.COUNTERPARTY_00008 ****9111,
a56af6b955104f5f19ad3083f4fc1cc7,COMP_0001,PRODUCT_03496,2026-04-01,2026-04-01,-548.29,1.0,booked,RECONCILIATION_COMPLETED,utility,COMPRAS CON TARJETA COUNTERPARTY_08875 TARJ.IBERC.****2014,
6c1259a49c63ae102d06632540963e5d,COMP_0001,PRODUCT_03496,2026-06-01,2026-06-01,-1765.57,1.0,booked,RECONCILIATION_COMPLETED,utility,TARJETA COUNTERPARTY_00008 TARJ.COUNTERPARTY_00008 ****9111,
31607d4d7b988f48cb7764240e89efb9,COMP_0001,PRODUCT_03496,2026-03-02,2026-03-01,-711.04,1.0,booked,DISCARDED,utility,COMPRAS CON TARJETA COUNTERPARTY_08875 TARJ.IBERC.****4015,
9c6af03bcc47f1c833d08f277293711f,COMP_0001,PRODUCT_03496,2026-07-02,2026-07-02,-394.14,1.0,booked,RECONCILIATION_COMPLETED,utility,RECIBO SEGUROS COUNTERPARTY_124647 Y REASE [REF],COUNTERPARTY_38023
151866f58309330cf4d466c776e2a13e,COMP_0001,PRODUCT_03496,2026-07-01,2026-07-01,-9.9,1.0,booked,RECONCILIATION_COMPLETED,utility,COMPRAS CON TARJETA COUNTERPARTY_08875 TARJ.IBERC.****2014,
69319ebf2c52b0c9fad2748941fbcb1f,COMP_0001,PRODUCT_03496,2026-07-30,2026-07-30,-200.13,1.0,booked,RECONCILIATION_COMPLETED,utility,"RECIBO TELEFONO VODAFONE SERVICIOS, [REF]",COUNTERPARTY_28286
e96e933f005bd2714468944ca6bfb2c0,COMP_0001,PRODUCT_03496,2026-03-02,2026-03-01,-515.4,1.0,booked,DISCARDED,utility,COMPRAS CON TARJETA COUNTERPARTY_08875 TARJ.IBERC.****7015,
c327f7d70a3a56fad70532f097ed3891,COMP_0001,PRODUCT_03496,2026-04-23,2026-04-23,30939.25,1.0,booked,RECONCILIATION_COMPLETED,payment_refund,TRANSFERENCIA OTRA ENTIDAD COUNTERPARTY_21959 COUNTERPARTY_53532 COUNTERPARTY_89052. DEVOLUCION [COMPANY] INTERCO [COMPANY],
a54f136bd80eb9b7a749ab0abd546c9d,COMP_0001,PRODUCT_03496,2026-01-14,2026-01-14,3630.0,1.0,booked,DISCARDED,collection,TRANSFERENCIA INTERNA DEVOLUCION PAGO DUPLICADO ORDEN: COUNTERPARTY_56127,
ade905fc5334204e49c23fa550840903,COMP_0001,PRODUCT_03496,2026-02-06,2026-02-06,14520.0,1.0,booked,DISCARDED,collection,TRANSFERENCIA OTRA ENTIDAD PAGO FACT NEO GESTION . ORDEN: [COMPANY] S,
62d3ed548f862340c88e8279e1f6fd37,COMP_0001,PRODUCT_03496,2026-06-18,2026-06-18,-34.47,1.0,booked,RECONCILIATION_COMPLETED,payment,RECIBO AMAZON PAYMENTS EUR [NUM],
232ddb06730897eae949d78a8f9101e2,COMP_0001,PRODUCT_03496,2026-07-30,2026-07-30,-151.6,1.0,booked,RECONCILIATION_COMPLETED,payment,RECIBO AMAZON PAYMENTS EUR [NUM],
c78fc070de64afe83d1850210fc00d8a,COMP_0001,PRODUCT_03496,2026-06-15,2026-06-15,-14520.0,1.0,booked,RECONCILIATION_COMPLETED,payment,TRANSFERENCIA OTRA ENTIDAD TRAN NEO GESTION COUNTERPARTY_09820,COUNTERPARTY_09820
a48e95cc662e52e68577c07cb6ac0f00,COMP_0001,PRODUCT_03496,2026-03-05,2026-03-05,-89.54,1.0,booked,DISCARDED,payment,TRANSFERENCIA OTRA ENTIDAD PAGO FACTURA NEO GESTION COUNTERPARTY_27064,
85a5d9a53545bd40cd5da52022950a31,COMP_0001,PRODUCT_03496,2026-08-05,2026-08-05,-617.27,1.0,booked,RECONCILIATION_COMPLETED,payment,TRANSFERENCIA OTRA ENTIDAD COUNTERPARTY_23347,COUNTERPARTY_23347
5bade1d271c0b1b7204b10b201575fef,COMP_0001,PRODUCT_04955,2026-08-07,2026-08-07,-506.05,1.0,booked,RECONCILIATION_COMPLETED,payment,TRANSFERENCIA A FAVOR DE [COMPANY] CONCEPTO: Dev cobro [X],COUNTERPARTY_03903
87b00c863e1fca73875ede1d717b82a5,COMP_0001,PRODUCT_03496,2026-05-22,2026-05-22,-185.2,1.0,booked,RECONCILIATION_COMPLETED,payment,RECIBO AMAZON PAYMENTS EUR [NUM],
dccd05d5a5e217dcfb5859685afa0617,COMP_0001,PRODUCT_03496,2026-07-08,2026-07-08,-14520.0,1.0,booked,RECONCILIATION_COMPLETED,payment,TRANSFERENCIA OTRA ENTIDAD FAC ALIVE,
5fddf1f9e9dd40c7f410da10f4c9114f,COMP_0001,PRODUCT_03496,2026-01-30,2026-01-30,-11601.2,1.0,booked,DISCARDED,salary,NOMINA,
1f388b81b231de812197ec5e37fa9013,COMP_0001,PRODUCT_03496,2026-05-29,2026-05-29,-263.99,1.0,booked,RECONCILIATION_COMPLETED,social_security,OPERACION SEGURIDAD SOCIAL TGSS COTIZACION 00 [REF],
8737174792059311d6dab8158b3c3439,COMP_0001,PRODUCT_03496,2026-08-03,2026-08-03,-7584.59,1.0,booked,RECONCILIATION_COMPLETED,social_security,OPERACION SEGURIDAD SOCIAL TGSS COTIZACION 00 [REF],
4c763242ccc8cf5a2102561d237d3288,COMP_0001,PRODUCT_03496,2026-06-01,2026-06-01,-694.18,1.0,booked,RECONCILIATION_COMPLETED,utility,COMPRAS CON TARJETA COUNTERPARTY_08875 TARJ.IBERC.****4015,
3390df49c6d331551f5f9f9a67b1399b,COMP_0001,PRODUCT_03496,2026-03-09,2026-03-09,-144.11,1.0,booked,DISCARDED,utility,[COMPANY] [REF],
13159713c33128c156c44272b241add9,COMP_0001,PRODUCT_03496,2026-04-22,2026-04-22,-314.48,1.0,booked,RECONCILIATION_COMPLETED,utility,RECIBO [X] COUNTERPARTY_113014 CORR [REF],
9e3d43daab7c6271f0d2ad5076da9c36,COMP_0001,PRODUCT_03496,2026-02-27,2026-02-27,-150.78,1.0,booked,DISCARDED,utility,RECIBO [X] [X] [X] [REF],
467afd650b11b96621988aa972e057ac,COMP_0001,PRODUCT_03496,2026-07-01,2026-07-01,-815.98,1.0,booked,RECONCILIATION_COMPLETED,utility,COMPRAS CON TARJETA COUNTERPARTY_08875 TARJ.IBERC.****4015,
98b5473fd7b20b476254650025972b9e,COMP_0001,PRODUCT_03496,2026-07-01,2026-07-01,-1450.64,1.0,booked,RECONCILIATION_COMPLETED,utility,TARJETA COUNTERPARTY_00008 TARJ.COUNTERPARTY_00008 ****9111,
75cdec7304664fa55f050cde9ea20017,COMP_0001,PRODUCT_03496,2026-06-01,2026-06-01,-739.88,1.0,booked,RECONCILIATION_COMPLETED,utility,COMPRAS CON TARJETA COUNTERPARTY_08875 TARJ.IBERC.****0014,
efed1e452fe4889614f2581626b78d1a,COMP_0001,PRODUCT_03496,2026-01-14,2026-01-14,25500.0,1.0,booked,DISCARDED,payment_refund,TRANSFERENCIA INTERNA DEVOLUCION [COMPANY] ORDEN: [COMPANY],
424f980e05ee040616415a6ac02d5131,COMP_0001,PRODUCT_03496,2026-06-18,2026-06-16,30.0,1.0,booked,RECONCILIATION_COMPLETED,-,RETROCESION DE APUNTE RETROCESION COMISIONÑGASTO,
6246e62388af1556f68c4b423aeb252e,COMP_0001,PRODUCT_03496,2026-04-22,2026-04-22,798.14,1.0,booked,RECONCILIATION_COMPLETED,collection,TRANSFERENCIA INTERNA LIQUIDACION [COMPANY] INTERCO NEO GESTION ORDEN: [COMPANY],
f7903bcc71b2fc5c53db91dc98c86877,COMP_0001,PRODUCT_04955,2026-08-04,2026-08-03,506.05,1.0,booked,RECONCILIATION_COMPLETED,collection,"TRANSFERENCIA DE [COMPANY] DEPORTIVO BALONCESTO [X], CONCEPTO ABONO [X] [X] JULIO.",
c3116698b6b4ead4e44095f4765479e3,COMP_0001,PRODUCT_03496,2026-05-08,2026-05-08,-1590.75,1.0,booked,RECONCILIATION_COMPLETED,payment,TRANSFERENCIA OTRA ENTIDAD FAC COUNTERPARTY_27064 . BENEF: COUNTERPARTY_27064,COUNTERPARTY_27064
08f4a43db86f2572100604d8260e2b24,COMP_0001,PRODUCT_03496,2026-04-13,2026-04-13,-394.14,1.0,booked,RECONCILIATION_COMPLETED,payment,RECIBO SEGUROS COUNTERPARTY_124647 Y REASE [REF],
ca5d8b8b55b16246d0a268662f7726f9,COMP_0001,PRODUCT_03496,2026-07-08,2026-07-08,-7260.0,1.0,booked,RECONCILIATION_COMPLETED,payment,TRANSFERENCIA OTRA ENTIDAD [X],
dfaeba6a68d60a160355c96ab2b199e1,COMP_0001,PRODUCT_03496,2026-05-29,2026-05-29,-1817.91,1.0,booked,RECONCILIATION_COMPLETED,social_security,OPERACION SEGURIDAD SOCIAL TGSS COTIZACION 00 [REF],
391a1d5a192c9e0b85a4106c4ce055dd,COMP_0001,PRODUCT_03496,2026-03-13,2026-03-13,-2062.2,1.0,booked,DISCARDED,utility,RECIBO SEGUROS COUNTERPARTY_124647 Y REASE [REF],
52b4bc2ddbf969cd15f9303efc76ebb8,COMP_0001,PRODUCT_03496,2026-08-03,2026-08-03,-661.84,1.0,booked,RECONCILIATION_COMPLETED,utility,COMPRAS CON TARJETA COUNTERPARTY_08875 TARJ.IBERC.****7015,
3d42495d79b4385e22f58c81daa40cd5,COMP_0001,PRODUCT_03496,2026-05-07,2026-05-07,-394.14,1.0,booked,RECONCILIATION_COMPLETED,utility,RECIBO SEGUROS COUNTERPARTY_124647 Y REASE [REF],COUNTERPARTY_38023
1516a36ae33b40849cf59ae284ef9cce,COMP_0001,PRODUCT_03496,2026-05-04,2026-05-01,-215.55,1.0,booked,RECONCILIATION_COMPLETED,utility,COMPRAS CON TARJETA COUNTERPARTY_08875 TARJ.IBERC.****2014,
d0994b74a2525ee9a15ca7962dc60cad,COMP_0001,PRODUCT_03496,2026-03-02,2026-03-01,-1025.2,1.0,booked,DISCARDED,utility,TARJETA COUNTERPARTY_00008 TARJ.COUNTERPARTY_00008 ****9111,
d7b809c74ba126de867d154b767b0caa,COMP_0001,PRODUCT_03496,2026-07-02,2026-07-02,-46.04,1.0,booked,RECONCILIATION_COMPLETED,utility,RECIBO ASOCIACION O COLEGIO PROFESIONAL ILUSTRE COUNTERPARTY_01234 [REF],
DEMO_TX_OUT_000,COMP_0001,PRODUCT_03496,2026-09-02,2026-09-02,-18000.0,1.0,booked,reconciled,payment,[DEMO] supplier outflow 0,COUNTERPARTY_demo_0
DEMO_TX_IN_000,COMP_0001,PRODUCT_03496,2026-09-03,2026-09-03,4500.0,1.0,booked,reconciled,collection,[DEMO] weak collection 0,COUNTERPARTY_demo_c_0
DEMO_TX_OUT_001,COMP_0001,PRODUCT_03496,2026-09-05,2026-09-05,-18000.0,1.0,booked,reconciled,payment,[DEMO] supplier outflow 1,COUNTERPARTY_demo_1
DEMO_TX_OUT_002,COMP_0001,PRODUCT_03496,2026-09-08,2026-09-08,-18000.0,1.0,booked,reconciled,payment,[DEMO] supplier outflow 2,COUNTERPARTY_demo_2
DEMO_TX_OUT_003,COMP_0001,PRODUCT_03496,2026-09-11,2026-09-11,-18000.0,1.0,booked,reconciled,payment,[DEMO] supplier outflow 3,COUNTERPARTY_demo_0
DEMO_TX_IN_003,COMP_0001,PRODUCT_03496,2026-09-12,2026-09-12,4500.0,1.0,booked,reconciled,collection,[DEMO] weak collection 3,COUNTERPARTY_demo_c_1
DEMO_TX_OUT_004,COMP_0001,PRODUCT_03496,2026-09-14,2026-09-14,-18000.0,1.0,booked,reconciled,payment,[DEMO] supplier outflow 4,COUNTERPARTY_demo_1
DEMO_TX_OUT_005,COMP_0001,PRODUCT_03496,2026-09-17,2026-09-17,-18000.0,1.0,booked,reconciled,payment,[DEMO] supplier outflow 5,COUNTERPARTY_demo_2
DEMO_TX_OUT_006,COMP_0001,PRODUCT_03496,2026-09-20,2026-09-20,-18000.0,1.0,booked,reconciled,payment,[DEMO] supplier outflow 6,COUNTERPARTY_demo_0
DEMO_TX_IN_006,COMP_0001,PRODUCT_03496,2026-09-21,2026-09-21,4500.0,1.0,booked,reconciled,collection,[DEMO] weak collection 6,COUNTERPARTY_demo_c_0
DEMO_TX_OUT_007,COMP_0001,PRODUCT_03496,2026-09-23,2026-09-23,-18000.0,1.0,booked,reconciled,payment,[DEMO] supplier outflow 7,COUNTERPARTY_demo_1
DEMO_TX_OUT_008,COMP_0001,PRODUCT_03496,2026-09-26,2026-09-26,-18000.0,1.0,booked,reconciled,payment,[DEMO] supplier outflow 8,COUNTERPARTY_demo_2
